season_year,game_id,game_date,home_team_abbr,vis_team_abbr,home_win,prob_home_win,prob_home_win_cal,predicted_home_win,correct
2016,0041600111,2017-04-15,CLE,IND,1,0.871025,1.0,1,1
2016,0041600121,2017-04-15,TOR,MIL,0,0.924607,1.0,1,0
2016,0041600151,2017-04-15,SAS,MEM,1,0.950257,1.0,1,1
2016,0041600171,2017-04-15,LAC,UTA,0,0.791701,0.714286,1,0
2016,0041600101,2017-04-16,BOS,CHI,0,0.685671,0.705882,1,0
2016,0041600131,2017-04-16,WAS,ATL,1,0.715965,0.705882,1,1
2016,0041600141,2017-04-16,GSW,POR,1,0.764139,0.714286,1,1
2016,0041600161,2017-04-16,HOU,OKC,1,0.416036,0.7,1,1
2016,0041600112,2017-04-17,CLE,IND,1,0.833468,0.777778,1,1
2016,0041600152,2017-04-17,SAS,MEM,1,0.842904,0.777778,1,1
2016,0041600102,2017-04-18,BOS,CHI,0,0.880359,1.0,1,0
2016,0041600122,2017-04-18,TOR,MIL,1,0.941621,1.0,1,1
2016,0041600172,2017-04-18,LAC,UTA,1,0.835577,0.777778,1,1
2016,0041600132,2017-04-19,WAS,ATL,1,0.649404,0.705882,1,1
2016,0041600142,2017-04-19,GSW,POR,1,0.553116,0.7,1,1
2016,0041600162,2017-04-19,HOU,OKC,1,0.391357,0.7,1,1
2016,0041600113,2017-04-20,IND,CLE,0,0.23891,0.206168,0,1
2016,0041600123,2017-04-20,MIL,TOR,1,0.318683,0.285714,0,0
2016,0041600153,2017-04-20,MEM,SAS,1,0.409271,0.7,1,1
2016,0041600103,2017-04-21,CHI,BOS,0,0.384783,0.7,1,0
2016,0041600163,2017-04-21,OKC,HOU,1,0.730705,0.705882,1,1
2016,0041600173,2017-04-21,UTA,LAC,0,0.830081,0.777778,1,0
2016,0041600124,2017-04-22,MIL,TOR,0,0.357275,0.7,1,0
2016,0041600133,2017-04-22,ATL,WAS,1,0.53073,0.7,1,1
2016,0041600143,2017-04-22,POR,GSW,0,0.622299,0.7,1,0
2016,0041600154,2017-04-22,MEM,SAS,1,0.495906,0.7,1,1
2016,0041600104,2017-04-23,CHI,BOS,0,0.509378,0.7,1,0
2016,0041600114,2017-04-23,IND,CLE,0,0.341047,0.285714,0,1
2016,0041600164,2017-04-23,OKC,HOU,0,0.749177,0.706452,1,0
2016,0041600174,2017-04-23,UTA,LAC,1,0.818294,0.777778,1,1
2016,0041600125,2017-04-24,TOR,MIL,1,0.926819,1.0,1,1
2016,0041600134,2017-04-24,ATL,WAS,1,0.650994,0.705882,1,1
2016,0041600144,2017-04-24,POR,GSW,0,0.620846,0.7,1,0
2016,0041600155,2017-04-25,SAS,MEM,1,0.950687,1.0,1,1
2016,0041600165,2017-04-25,HOU,OKC,1,0.714583,0.705882,1,1
2016,0041600175,2017-04-25,LAC,UTA,0,0.579962,0.7,1,0
2016,0041600105,2017-04-26,BOS,CHI,1,0.842269,0.777778,1,1
2016,0041600135,2017-04-26,WAS,ATL,1,0.831917,0.777778,1,1
2016,0041600126,2017-04-27,MIL,TOR,0,0.322161,0.285714,0,1
2016,0041600156,2017-04-27,MEM,SAS,0,0.434808,0.7,1,0
2016,0041600106,2017-04-28,CHI,BOS,0,0.496331,0.7,1,0
2016,0041600136,2017-04-28,ATL,WAS,0,0.471705,0.7,1,0
2016,0041600176,2017-04-28,UTA,LAC,0,0.677537,0.705882,1,0
2016,0041600177,2017-04-30,LAC,UTA,0,0.557217,0.7,1,0
2016,0041600201,2017-04-30,BOS,WAS,1,0.335044,0.285714,0,0
2016,0041600211,2017-05-01,CLE,TOR,1,0.782488,0.714286,1,1
2016,0041600231,2017-05-01,SAS,HOU,0,0.867288,1.0,1,0
2016,0041600202,2017-05-02,BOS,WAS,1,0.295413,0.285714,0,0
2016,0041600221,2017-05-02,GSW,UTA,1,0.910437,1.0,1,1
2016,0041600212,2017-05-03,CLE,TOR,1,0.69023,0.705882,1,1
2016,0041600232,2017-05-03,SAS,HOU,1,0.909987,1.0,1,1
2016,0041600203,2017-05-04,WAS,BOS,1,0.815929,0.777778,1,1
2016,0041600222,2017-05-04,GSW,UTA,1,0.754063,0.711485,1,1
2016,0041600213,2017-05-05,TOR,CLE,0,0.793604,0.714286,1,0
2016,0041600233,2017-05-05,HOU,SAS,0,0.243559,0.238021,0,1
2016,0041600223,2017-05-06,UTA,GSW,0,0.304639,0.285714,0,1
2016,0041600204,2017-05-07,WAS,BOS,1,0.7937,0.714286,1,1
2016,0041600214,2017-05-07,TOR,CLE,0,0.839735,0.777778,1,0
2016,0041600234,2017-05-07,HOU,SAS,1,0.44591,0.7,1,1
2016,0041600224,2017-05-08,UTA,GSW,0,0.339235,0.285714,0,1
2016,0041600235,2017-05-09,SAS,HOU,1,0.835369,0.777778,1,1
2016,0041600205,2017-05-10,BOS,WAS,1,0.48012,0.7,1,1
2016,0041600236,2017-05-11,HOU,SAS,0,0.285074,0.285714,0,1
2016,0041600206,2017-05-12,WAS,BOS,1,0.57278,0.7,1,1
2016,0041600311,2017-05-14,GSW,SAS,1,0.811953,0.777778,1,1
2016,0041600207,2017-05-15,BOS,WAS,1,0.461913,0.7,1,1
2016,0041600312,2017-05-16,GSW,SAS,1,0.619246,0.7,1,1
2016,0041600301,2017-05-17,BOS,CLE,0,0.306303,0.285714,0,1
2016,0041600302,2017-05-19,BOS,CLE,0,0.637781,0.705882,1,0
2016,0041600313,2017-05-20,SAS,GSW,0,0.844521,0.777778,1,0
2016,0041600303,2017-05-21,CLE,BOS,0,0.690282,0.705882,1,0
2016,0041600314,2017-05-22,SAS,GSW,0,0.808933,0.777778,1,0
2016,0041600304,2017-05-23,CLE,BOS,1,0.643516,0.705882,1,1
2016,0041600305,2017-05-25,BOS,CLE,0,0.712383,0.705882,1,0
2016,0041600401,2017-06-01,GSW,CLE,1,0.870399,1.0,1,1
2016,0041600402,2017-06-04,GSW,CLE,1,0.679394,0.705882,1,1
2016,0041600403,2017-06-07,CLE,GSW,0,0.483513,0.7,1,0
2016,0041600404,2017-06-09,CLE,GSW,1,0.369324,0.7,1,1
2016,0041600405,2017-06-12,GSW,CLE,1,0.810683,0.777778,1,1
2017,0041700101,2018-04-14,TOR,WAS,1,0.887064,0.8,1,1
2017,0041700121,2018-04-14,PHI,MIA,1,0.717412,0.666667,1,1
2017,0041700151,2018-04-14,GSW,SAS,1,0.521265,0.5,1,1
2017,0041700161,2018-04-14,POR,NOP,0,0.79702,0.666667,1,0
2017,0041700111,2018-04-15,BOS,MIL,1,0.779894,0.666667,1,1
2017,0041700131,2018-04-15,CLE,IND,0,0.75148,0.666667,1,0
2017,0041700141,2018-04-15,HOU,MIN,1,0.876763,0.666667,1,1
2017,0041700171,2018-04-15,OKC,UTA,1,0.707365,0.635689,1,1
2017,0041700122,2018-04-16,PHI,MIA,0,0.685391,0.5,1,0
2017,0041700152,2018-04-16,GSW,SAS,1,0.425568,0.5,1,1
2017,0041700102,2018-04-17,TOR,WAS,1,0.818607,0.666667,1,1
2017,0041700112,2018-04-17,BOS,MIL,1,0.718586,0.666667,1,1
2017,0041700162,2018-04-17,POR,NOP,0,0.835748,0.666667,1,0
2017,0041700132,2018-04-18,CLE,IND,1,0.845436,0.666667,1,1
2017,0041700142,2018-04-18,HOU,MIN,1,0.769226,0.666667,1,1
2017,0041700172,2018-04-18,OKC,UTA,0,0.769764,0.666667,1,0
2017,0041700123,2018-04-19,MIA,PHI,0,0.640259,0.5,1,0
2017,0041700153,2018-04-19,SAS,GSW,0,0.327531,0.5,1,0
2017,0041700163,2018-04-19,NOP,POR,1,0.630464,0.5,1,1
2017,0041700103,2018-04-20,WAS,TOR,1,0.397306,0.5,1,1
2017,0041700113,2018-04-20,MIL,BOS,1,0.160564,0.0,0,0
2017,0041700133,2018-04-20,IND,CLE,1,0.615484,0.5,1,1
2017,0041700124,2018-04-21,MIA,PHI,0,0.65813,0.5,1,0
2017,0041700143,2018-04-21,MIN,HOU,1,0.212091,0.333333,0,0
2017,0041700164,2018-04-21,NOP,POR,1,0.732955,0.666667,1,1
2017,0041700173,2018-04-21,UTA,OKC,1,0.660608,0.5,1,1
2017,0041700104,2018-04-22,WAS,TOR,1,0.340563,0.5,1,1
2017,0041700114,2018-04-22,MIL,BOS,1,0.255819,0.333333,0,0
2017,0041700134,2018-04-22,IND,CLE,0,0.370608,0.5,1,0
2017,0041700154,2018-04-22,SAS,GSW,1,0.382822,0.5,1,1
2017,0041700144,2018-04-23,MIN,HOU,0,0.245416,0.333333,0,1
2017,0041700174,2018-04-23,UTA,OKC,1,0.512994,0.5,1,1
2017,0041700115,2018-04-24,BOS,MIL,1,0.698711,0.5,1,1
2017,0041700125,2018-04-24,PHI,MIA,1,0.773878,0.666667,1,1
2017,0041700155,2018-04-24,GSW,SAS,1,0.44267,0.5,1,1
2017,0041700105,2018-04-25,TOR,WAS,1,0.922875,0.8,1,1
2017,0041700135,2018-04-25,CLE,IND,1,0.81162,0.666667,1,1
2017,0041700145,2018-04-25,HOU,MIN,1,0.667808,0.5,1,1
2017,0041700175,2018-04-25,OKC,UTA,1,0.78753,0.666667,1,1
2017,0041700116,2018-04-26,MIL,BOS,1,0.142823,0.0,0,0
2017,0041700106,2018-04-27,WAS,TOR,0,0.166549,0.0,0,1
2017,0041700136,2018-04-27,IND,CLE,1,0.449632,0.5,1,1
2017,0041700176,2018-04-27,UTA,OKC,1,0.41963,0.5,1,1
2017,0041700117,2018-04-28,BOS,MIL,1,0.658322,0.5,1,1
2017,0041700231,2018-04-28,GSW,NOP,1,0.720153,0.666667,1,1
2017,0041700137,2018-04-29,CLE,IND,1,0.804994,0.666667,1,1
2017,0041700221,2018-04-29,HOU,UTA,1,0.525348,0.5,1,1
2017,0041700211,2018-04-30,BOS,PHI,1,0.455462,0.5,1,1
2017,0041700201,2018-05-01,TOR,CLE,0,0.39064,0.5,1,0
2017,0041700232,2018-05-01,GSW,NOP,1,0.671295,0.5,1,1
2017,0041700222,2018-05-02,HOU,UTA,0,0.371678,0.5,1,0
2017,0041700202,2018-05-03,TOR,CLE,0,0.606578,0.5,1,0
2017,0041700212,2018-05-03,BOS,PHI,1,0.377321,0.5,1,1
2017,0041700223,2018-05-04,UTA,HOU,0,0.384779,0.5,1,0
2017,0041700233,2018-05-04,NOP,GSW,1,0.360166,0.5,1,1
2017,0041700203,2018-05-05,CLE,TOR,1,0.469374,0.5,1,1
2017,0041700213,2018-05-05,PHI,BOS,0,0.806192,0.666667,1,0
2017,0041700224,2018-05-06,UTA,HOU,0,0.251952,0.333333,0,1
2017,0041700234,2018-05-06,NOP,GSW,0,0.423016,0.5,1,0
2017,0041700204,2018-05-07,CLE,TOR,1,0.47049,0.5,1,1
2017,0041700214,2018-05-07,PHI,BOS,1,0.710162,0.666667,1,1
2017,0041700225,2018-05-08,HOU,UTA,1,0.421534,0.5,1,1
2017,0041700235,2018-05-08,GSW,NOP,1,0.612048,0.5,1,1
2017,0041700215,2018-05-09,BOS,PHI,1,0.293947,0.5,1,1
2017,0041700301,2018-05-13,BOS,CLE,1,0.54042,0.5,1,1
2017,0041700311,2018-05-14,HOU,GSW,0,0.627866,0.5,1,0
2017,0041700302,2018-05-15,BOS,CLE,1,0.5384,0.5,1,1
2017,0041700312,2018-05-16,HOU,GSW,1,0.753051,0.666667,1,1
2017,0041700303,2018-05-19,CLE,BOS,1,0.772831,0.666667,1,1
2017,0041700313,2018-05-20,GSW,HOU,1,0.411245,0.5,1,1
2017,0041700304,2018-05-21,CLE,BOS,1,0.836671,0.666667,1,1
2017,0041700314,2018-05-22,GSW,HOU,0,0.417364,0.5,1,0
2017,0041700305,2018-05-23,BOS,CLE,1,0.612271,0.5,1,1
2017,0041700315,2018-05-24,HOU,GSW,1,0.771428,0.666667,1,1
2017,0041700306,2018-05-25,CLE,BOS,1,0.809653,0.666667,1,1
2017,0041700316,2018-05-26,GSW,HOU,1,0.473567,0.5,1,1
2017,0041700307,2018-05-27,BOS,CLE,0,0.553516,0.5,1,0
2017,0041700317,2018-05-28,HOU,GSW,0,0.730733,0.666667,1,0
2017,0041700401,2018-05-31,GSW,CLE,1,0.727921,0.666667,1,1
2017,0041700402,2018-06-03,GSW,CLE,1,0.687945,0.5,1,1
2017,0041700403,2018-06-06,CLE,GSW,0,0.486429,0.5,1,0
2017,0041700404,2018-06-08,CLE,GSW,0,0.468325,0.5,1,0
2018,0041800111,2019-04-13,TOR,ORL,0,0.703275,0.8,1,0
2018,0041800121,2019-04-13,PHI,BKN,0,0.748045,0.8,1,0
2018,0041800141,2019-04-13,GSW,LAC,1,0.676567,0.666667,1,1
2018,0041800151,2019-04-13,DEN,SAS,0,0.639365,0.666667,1,0
2018,0041800101,2019-04-14,MIL,DET,1,0.756326,0.8,1,1
2018,0041800131,2019-04-14,BOS,IND,1,0.844635,1.0,1,1
2018,0041800161,2019-04-14,POR,OKC,1,0.678801,0.666667,1,1
2018,0041800171,2019-04-14,HOU,UTA,1,0.530541,0.666667,1,1
2018,0041800122,2019-04-15,PHI,BKN,1,0.810889,0.8,1,1
2018,0041800142,2019-04-15,GSW,LAC,0,0.686326,0.689833,1,0
2018,0041800112,2019-04-16,TOR,ORL,1,0.76372,0.8,1,1
2018,0041800152,2019-04-16,DEN,SAS,1,0.712219,0.8,1,1
2018,0041800162,2019-04-16,POR,OKC,1,0.721631,0.8,1,1
2018,0041800102,2019-04-17,MIL,DET,1,0.739021,0.8,1,1
2018,0041800132,2019-04-17,BOS,IND,1,0.860032,1.0,1,1
2018,0041800172,2019-04-17,HOU,UTA,1,0.594325,0.666667,1,1
2018,0041800123,2019-04-18,BKN,PHI,0,0.590821,0.666667,1,0
2018,0041800143,2019-04-18,LAC,GSW,0,0.382268,0.666667,1,0
2018,0041800153,2019-04-18,SAS,DEN,1,0.701173,0.8,1,1
2018,0041800113,2019-04-19,ORL,TOR,0,0.498675,0.666667,1,0
2018,0041800133,2019-04-19,IND,BOS,0,0.799138,0.8,1,0
2018,0041800163,2019-04-19,OKC,POR,1,0.580691,0.666667,1,1
2018,0041800103,2019-04-20,DET,MIL,0,0.429302,0.666667,1,0
2018,0041800124,2019-04-20,BKN,PHI,0,0.711322,0.8,1,0
2018,0041800154,2019-04-20,SAS,DEN,0,0.656668,0.666667,1,0
2018,0041800173,2019-04-20,UTA,HOU,0,0.524003,0.666667,1,0
2018,0041800114,2019-04-21,ORL,TOR,0,0.545809,0.666667,1,0
2018,0041800134,2019-04-21,IND,BOS,0,0.696116,0.765904,1,0
2018,0041800144,2019-04-21,LAC,GSW,0,0.51317,0.666667,1,0
2018,0041800164,2019-04-21,OKC,POR,0,0.569895,0.666667,1,0
2018,0041800104,2019-04-22,DET,MIL,0,0.398658,0.666667,1,0
2018,0041800174,2019-04-22,UTA,HOU,1,0.672625,0.666667,1,1
2018,0041800115,2019-04-23,TOR,ORL,1,0.714976,0.8,1,1
2018,0041800125,2019-04-23,PHI,BKN,1,0.749927,0.8,1,1
2018,0041800155,2019-04-23,DEN,SAS,1,0.734413,0.8,1,1
2018,0041800165,2019-04-23,POR,OKC,1,0.745384,0.8,1,1
2018,0041800145,2019-04-24,GSW,LAC,0,0.710606,0.8,1,0
2018,0041800175,2019-04-24,HOU,UTA,1,0.783474,0.8,1,1
2018,0041800156,2019-04-25,SAS,DEN,1,0.503539,0.666667,1,1
2018,0041800146,2019-04-26,LAC,GSW,0,0.407589,0.666667,1,0
2018,0041800157,2019-04-27,DEN,SAS,1,0.725615,0.8,1,1
2018,0041800211,2019-04-27,TOR,PHI,1,0.844147,0.911727,1,1
2018,0041800201,2019-04-28,MIL,BOS,0,0.422706,0.666667,1,0
2018,0041800221,2019-04-28,GSW,HOU,1,0.753066,0.8,1,1
2018,0041800212,2019-04-29,TOR,PHI,0,0.852176,1.0,1,0
2018,0041800231,2019-04-29,DEN,POR,1,0.588864,0.666667,1,1
2018,0041800202,2019-04-30,MIL,BOS,1,0.541431,0.666667,1,1
2018,0041800222,2019-04-30,GSW,HOU,1,0.712703,0.8,1,1
2018,0041800232,2019-05-01,DEN,POR,0,0.544955,0.666667,1,0
2018,0041800213,2019-05-02,PHI,TOR,1,0.723247,0.8,1,1
2018,0041800203,2019-05-03,BOS,MIL,0,0.825804,0.833333,1,0
2018,0041800233,2019-05-03,POR,DEN,1,0.830502,0.833333,1,1
2018,0041800223,2019-05-04,HOU,GSW,1,0.460924,0.666667,1,1
2018,0041800214,2019-05-05,PHI,TOR,0,0.52731,0.666667,1,0
2018,0041800234,2019-05-05,POR,DEN,0,0.609853,0.666667,1,0
2018,0041800204,2019-05-06,BOS,MIL,0,0.848161,1.0,1,0
2018,0041800224,2019-05-06,HOU,GSW,1,0.49928,0.666667,1,1
2018,0041800215,2019-05-07,TOR,PHI,1,0.903385,1.0,1,1
2018,0041800235,2019-05-07,DEN,POR,1,0.67506,0.666667,1,1
2018,0041800205,2019-05-08,MIL,BOS,1,0.760527,0.8,1,1
2018,0041800225,2019-05-08,GSW,HOU,1,0.746377,0.8,1,1
2018,0041800216,2019-05-09,PHI,TOR,1,0.619647,0.666667,1,1
2018,0041800236,2019-05-09,POR,DEN,1,0.584116,0.666667,1,1
2018,0041800226,2019-05-10,HOU,GSW,0,0.322328,0.557848,1,0
2018,0041800217,2019-05-12,TOR,PHI,1,0.892711,1.0,1,1
2018,0041800237,2019-05-12,DEN,POR,0,0.687663,0.700225,1,0
2018,0041800311,2019-05-14,GSW,POR,1,0.694435,0.752841,1,1
2018,0041800301,2019-05-15,MIL,TOR,1,0.581374,0.666667,1,1
2018,0041800312,2019-05-16,GSW,POR,1,0.724232,0.8,1,1
2018,0041800302,2019-05-17,MIL,TOR,1,0.625008,0.666667,1,1
2018,0041800313,2019-05-18,POR,GSW,0,0.62625,0.666667,1,0
2018,0041800303,2019-05-19,TOR,MIL,1,0.773263,0.8,1,1
2018,0041800314,2019-05-20,POR,GSW,0,0.626763,0.666667,1,0
2018,0041800304,2019-05-21,TOR,MIL,1,0.82473,0.833333,1,1
2018,0041800305,2019-05-23,MIL,TOR,0,0.677904,0.666667,1,0
2018,0041800306,2019-05-25,TOR,MIL,1,0.726879,0.8,1,1
2018,0041800401,2019-05-30,TOR,GSW,1,0.204936,0.555556,1,1
2018,0041800402,2019-06-02,TOR,GSW,0,0.277712,0.555556,1,0
2018,0041800403,2019-06-05,GSW,TOR,0,0.833946,0.833333,1,0
2018,0041800404,2019-06-07,GSW,TOR,0,0.833012,0.833333,1,0
2018,0041800405,2019-06-10,TOR,GSW,0,0.33447,0.666667,1,0
2018,0041800406,2019-06-13,GSW,TOR,0,0.728756,0.8,1,0
2019,0041900111,2020-08-17,TOR,BKN,1,0.917618,1.0,1,1
2019,0041900121,2020-08-17,BOS,PHI,1,0.803521,0.714286,1,1
2019,0041900151,2020-08-17,LAC,DAL,1,0.933033,1.0,1,1
2019,0041900161,2020-08-17,DEN,UTA,1,0.591532,0.454545,0,0
2019,0041900101,2020-08-18,MIL,ORL,0,0.727339,0.709447,1,0
2019,0041900131,2020-08-18,IND,MIA,0,0.686672,0.473684,0,1
2019,0041900141,2020-08-18,LAL,POR,0,0.771432,0.714286,1,0
2019,0041900171,2020-08-18,HOU,OKC,1,0.703916,0.473684,0,0
2019,0041900112,2020-08-19,TOR,BKN,1,0.905315,1.0,1,1
2019,0041900122,2020-08-19,BOS,PHI,1,0.825921,0.714286,1,1
2019,0041900152,2020-08-19,LAC,DAL,0,0.91685,1.0,1,0
2019,0041900162,2020-08-19,DEN,UTA,0,0.75064,0.714286,1,0
2019,0041900102,2020-08-20,MIL,ORL,1,0.800314,0.714286,1,1
2019,0041900132,2020-08-20,IND,MIA,0,0.731478,0.714286,1,0
2019,0041900142,2020-08-20,LAL,POR,1,0.838138,0.714286,1,1
2019,0041900172,2020-08-20,HOU,OKC,1,0.741447,0.714286,1,1
2019,0041900113,2020-08-21,BKN,TOR,0,0.15212,0.1,0,1
2019,0041900123,2020-08-21,PHI,BOS,0,0.453022,0.454545,0,1
2019,0041900153,2020-08-21,DAL,LAC,0,0.155762,0.1,0,1
2019,0041900163,2020-08-21,UTA,DEN,1,0.667594,0.473684,0,0
2019,0041900103,2020-08-22,ORL,MIL,0,0.531412,0.454545,0,1
2019,0041900133,2020-08-22,MIA,IND,1,0.673455,0.473684,0,0
2019,0041900143,2020-08-22,POR,LAL,0,0.192181,0.1,0,1
2019,0041900173,2020-08-22,OKC,HOU,1,0.835198,0.714286,1,1
2019,0041900114,2020-08-23,BKN,TOR,0,0.155992,0.1,0,1
2019,0041900124,2020-08-23,PHI,BOS,0,0.499346,0.454545,0,1
2019,0041900154,2020-08-23,DAL,LAC,1,0.210564,0.1,0,0
2019,0041900164,2020-08-23,UTA,DEN,1,0.526223,0.454545,0,0
2019,0041900104,2020-08-24,ORL,MIL,0,0.524371,0.454545,0,1
2019,0041900134,2020-08-24,MIA,IND,1,0.710247,0.473684,0,0
2019,0041900144,2020-08-24,POR,LAL,0,0.281634,0.1,0,1
2019,0041900174,2020-08-24,OKC,HOU,1,0.82882,0.714286,1,1
2019,0041900155,2020-08-25,LAC,DAL,1,0.906529,1.0,1,1
2019,0041900165,2020-08-25,DEN,UTA,1,0.625327,0.473684,0,0
2019,0041900105,2020-08-29,MIL,ORL,1,0.849518,0.714286,1,1
2019,0041900145,2020-08-29,LAL,POR,1,0.826078,0.714286,1,1
2019,0041900175,2020-08-29,HOU,OKC,1,0.64389,0.473684,0,0
2019,0041900156,2020-08-30,DAL,LAC,0,0.218103,0.1,0,1
2019,0041900166,2020-08-30,UTA,DEN,0,0.444825,0.454545,0,1
2019,0041900211,2020-08-30,TOR,BOS,0,0.73466,0.714286,1,0
2019,0041900176,2020-08-31,OKC,HOU,1,0.745836,0.714286,1,1
2019,0041900201,2020-08-31,MIL,MIA,0,0.210666,0.1,0,1
2019,0041900167,2020-09-01,DEN,UTA,1,0.649132,0.473684,0,0
2019,0041900212,2020-09-01,TOR,BOS,0,0.751967,0.714286,1,0
2019,0041900177,2020-09-02,HOU,OKC,1,0.655871,0.473684,0,0
2019,0041900202,2020-09-02,MIL,MIA,0,0.286619,0.1,0,1
2019,0041900213,2020-09-03,BOS,TOR,0,0.292385,0.1,0,1
2019,0041900231,2020-09-03,LAC,DEN,1,0.90191,1.0,1,1
2019,0041900203,2020-09-04,MIA,MIL,1,0.503146,0.454545,0,0
2019,0041900221,2020-09-04,LAL,HOU,0,0.739104,0.714286,1,0
2019,0041900214,2020-09-05,BOS,TOR,0,0.237048,0.1,0,1
2019,0041900232,2020-09-05,LAC,DEN,0,0.893922,1.0,1,0
2019,0041900204,2020-09-06,MIA,MIL,0,0.510508,0.454545,0,1
2019,0041900222,2020-09-06,LAL,HOU,1,0.820435,0.714286,1,1
2019,0041900215,2020-09-07,TOR,BOS,0,0.854013,0.714286,1,0
2019,0041900233,2020-09-07,DEN,LAC,0,0.43463,0.283305,0,1
2019,0041900205,2020-09-08,MIL,MIA,0,0.382459,0.1,0,1
2019,0041900223,2020-09-08,HOU,LAL,0,0.543203,0.454545,0,1
2019,0041900216,2020-09-09,BOS,TOR,0,0.214661,0.1,0,1
2019,0041900234,2020-09-09,DEN,LAC,0,0.540305,0.454545,0,1
2019,0041900224,2020-09-10,HOU,LAL,0,0.509358,0.454545,0,1
2019,0041900217,2020-09-11,TOR,BOS,0,0.830382,0.714286,1,0
2019,0041900235,2020-09-11,LAC,DEN,0,0.835101,0.714286,1,0
2019,0041900225,2020-09-12,LAL,HOU,1,0.7952,0.714286,1,1
2019,0041900236,2020-09-13,DEN,LAC,1,0.498725,0.454545,0,0
2019,0041900237,2020-09-15,LAC,DEN,0,0.86738,0.714286,1,0
2019,0041900301,2020-09-15,BOS,MIA,0,0.75918,0.714286,1,0
2019,0041900302,2020-09-17,BOS,MIA,0,0.831425,0.714286,1,0
2019,0041900311,2020-09-18,LAL,DEN,1,0.793339,0.714286,1,1
2019,0041900303,2020-09-19,MIA,BOS,0,0.437562,0.35911,0,1
2019,0041900312,2020-09-20,LAL,DEN,1,0.826335,0.714286,1,1
2019,0041900313,2020-09-22,DEN,LAL,1,0.253053,0.1,0,0
2019,0041900304,2020-09-23,MIA,BOS,1,0.398515,0.1,0,0
2019,0041900314,2020-09-24,DEN,LAL,0,0.227234,0.1,0,1
2019,0041900305,2020-09-25,BOS,MIA,1,0.865034,0.714286,1,1
2019,0041900315,2020-09-26,LAL,DEN,1,0.810439,0.714286,1,1
2019,0041900306,2020-09-27,MIA,BOS,1,0.454346,0.454545,0,0
2019,0041900401,2020-09-30,LAL,MIA,1,0.643388,0.473684,0,0
2019,0041900402,2020-10-02,LAL,MIA,1,0.651303,0.473684,0,0
2019,0041900403,2020-10-04,MIA,LAL,1,0.362912,0.1,0,0
2019,0041900404,2020-10-06,MIA,LAL,0,0.372713,0.1,0,1
2019,0041900405,2020-10-09,LAL,MIA,0,0.724321,0.498787,0,1
2019,0041900406,2020-10-11,MIA,LAL,0,0.264633,0.1,0,1
2020,0042000111,2021-05-22,BKN,BOS,1,0.364229,0.153846,0,0
2020,0042000121,2021-05-22,MIL,MIA,1,0.701067,0.615385,1,1
2020,0042000161,2021-05-22,DEN,POR,0,0.862208,0.75923,1,0
2020,0042000171,2021-05-22,LAC,DAL,0,0.895731,0.8,1,0
2020,0042000101,2021-05-23,PHI,WAS,1,0.578012,0.615385,1,1
2020,0042000131,2021-05-23,NYK,ATL,0,0.529296,0.518592,1,0
2020,0042000141,2021-05-23,UTA,MEM,0,0.809222,0.625,1,0
2020,0042000151,2021-05-23,PHX,LAL,1,0.627605,0.615385,1,1
2020,0042000122,2021-05-24,MIL,MIA,1,0.737787,0.625,1,1
2020,0042000162,2021-05-24,DEN,POR,1,0.880402,0.8,1,1
2020,0042000112,2021-05-25,BKN,BOS,1,0.460475,0.333333,0,0
2020,0042000152,2021-05-25,PHX,LAL,0,0.623347,0.615385,1,0
2020,0042000172,2021-05-25,LAC,DAL,0,0.840541,0.625,1,0
2020,0042000102,2021-05-26,PHI,WAS,1,0.652966,0.615385,1,1
2020,0042000132,2021-05-26,NYK,ATL,1,0.549061,0.615385,1,1
2020,0042000142,2021-05-26,UTA,MEM,1,0.927326,0.8,1,1
2020,0042000123,2021-05-27,MIA,MIL,0,0.714055,0.624266,1,0
2020,0042000153,2021-05-27,LAL,PHX,1,0.123045,0.0,0,0
2020,0042000163,2021-05-27,POR,DEN,0,0.201189,0.0,0,1
2020,0042000113,2021-05-28,BOS,BKN,1,0.733384,0.625,1,1
2020,0042000133,2021-05-28,ATL,NYK,1,0.728711,0.625,1,1
2020,0042000173,2021-05-28,DAL,LAC,0,0.722142,0.625,1,0
2020,0042000103,2021-05-29,WAS,PHI,0,0.31987,0.153846,0,1
2020,0042000124,2021-05-29,MIA,MIL,0,0.697031,0.615385,1,0
2020,0042000143,2021-05-29,MEM,UTA,0,0.188128,0.0,0,1
2020,0042000164,2021-05-29,POR,DEN,1,0.250126,0.153846,0,0
2020,0042000114,2021-05-30,BOS,BKN,0,0.612527,0.615385,1,0
2020,0042000134,2021-05-30,ATL,NYK,1,0.624188,0.615385,1,1
2020,0042000154,2021-05-30,LAL,PHX,0,0.141471,0.0,0,1
2020,0042000174,2021-05-30,DAL,LAC,0,0.688592,0.615385,1,0
2020,0042000104,2021-05-31,WAS,PHI,1,0.261342,0.153846,0,0
2020,0042000144,2021-05-31,MEM,UTA,0,0.209686,0.0,0,1
2020,0042000115,2021-06-01,BKN,BOS,1,0.825323,0.625,1,1
2020,0042000155,2021-06-01,PHX,LAL,1,0.625905,0.615385,1,1
2020,0042000165,2021-06-01,DEN,POR,1,0.842555,0.625,1,1
2020,0042000105,2021-06-02,PHI,WAS,1,0.626561,0.615385,1,1
2020,0042000135,2021-06-02,NYK,ATL,0,0.690003,0.615385,1,0
2020,0042000145,2021-06-02,UTA,MEM,1,0.828814,0.625,1,1
2020,0042000175,2021-06-02,LAC,DAL,0,0.896338,0.8,1,0
2020,0042000156,2021-06-03,LAL,PHX,0,0.239445,0.15096,0,1
2020,0042000166,2021-06-03,POR,DEN,0,0.246628,0.153846,0,1
2020,0042000176,2021-06-04,DAL,LAC,0,0.760184,0.625,1,0
2020,0042000211,2021-06-05,BKN,MIL,1,0.739775,0.625,1,1
2020,0042000177,2021-06-06,LAC,DAL,1,0.834344,0.625,1,1
2020,0042000201,2021-06-06,PHI,ATL,0,0.670438,0.615385,1,0
2020,0042000212,2021-06-07,BKN,MIL,1,0.662495,0.615385,1,1
2020,0042000231,2021-06-07,PHX,DEN,1,0.914391,0.8,1,1
2020,0042000202,2021-06-08,PHI,ATL,1,0.716114,0.625,1,1
2020,0042000221,2021-06-08,UTA,LAC,1,0.63009,0.615385,1,1
2020,0042000232,2021-06-09,PHX,DEN,1,0.916691,0.8,1,1
2020,0042000213,2021-06-10,MIL,BKN,1,0.672644,0.615385,1,1
2020,0042000222,2021-06-10,UTA,LAC,1,0.564465,0.615385,1,1
2020,0042000203,2021-06-11,ATL,PHI,0,0.210966,0.0,0,1
2020,0042000233,2021-06-11,DEN,PHX,0,0.487696,0.333333,0,1
2020,0042000223,2021-06-12,LAC,UTA,1,0.58056,0.615385,1,1
2020,0042000214,2021-06-13,MIL,BKN,1,0.555428,0.615385,1,1
2020,0042000234,2021-06-13,DEN,PHX,0,0.412425,0.333333,0,1
2020,0042000204,2021-06-14,ATL,PHI,1,0.363155,0.153846,0,0
2020,0042000224,2021-06-14,LAC,UTA,1,0.460766,0.333333,0,0
2020,0042000215,2021-06-15,BKN,MIL,1,0.776838,0.625,1,1
2020,0042000205,2021-06-16,PHI,ATL,0,0.613183,0.615385,1,0
2020,0042000225,2021-06-16,UTA,LAC,0,0.738095,0.625,1,0
2020,0042000216,2021-06-17,MIL,BKN,1,0.456185,0.333333,0,0
2020,0042000206,2021-06-18,ATL,PHI,0,0.322359,0.153846,0,1
2020,0042000226,2021-06-18,LAC,UTA,1,0.450179,0.333333,0,0
2020,0042000217,2021-06-19,BKN,MIL,0,0.741565,0.625,1,0
2020,0042000207,2021-06-20,PHI,ATL,0,0.558305,0.615385,1,0
2020,0042000311,2021-06-20,PHX,LAC,1,0.896815,0.8,1,1
2020,0042000312,2021-06-22,PHX,LAC,1,0.850074,0.676161,1,1
2020,0042000301,2021-06-23,MIL,ATL,0,0.74865,0.625,1,0
2020,0042000313,2021-06-24,LAC,PHX,1,0.365671,0.153846,0,0
2020,0042000302,2021-06-25,MIL,ATL,1,0.755429,0.625,1,1
2020,0042000314,2021-06-26,LAC,PHX,0,0.353005,0.153846,0,1
2020,0042000303,2021-06-27,ATL,MIL,0,0.243428,0.153846,0,1
2020,0042000315,2021-06-28,PHX,LAC,0,0.85922,0.738772,1,0
2020,0042000304,2021-06-29,ATL,MIL,1,0.386954,0.153846,0,0
2020,0042000316,2021-06-30,LAC,PHX,0,0.314066,0.153846,0,1
2020,0042000305,2021-07-01,MIL,ATL,1,0.717586,0.625,1,1
2020,0042000306,2021-07-03,ATL,MIL,0,0.394677,0.153846,0,1
2020,0042000401,2021-07-06,PHX,MIL,1,0.930646,0.8,1,1
2020,0042000402,2021-07-08,PHX,MIL,1,0.91564,0.8,1,1
2020,0042000403,2021-07-11,MIL,PHX,1,0.275816,0.153846,0,0
2020,0042000404,2021-07-14,MIL,PHX,1,0.261502,0.153846,0,0
2020,0042000405,2021-07-17,PHX,MIL,0,0.934268,0.8,1,0
2020,0042000406,2021-07-20,MIL,PHX,1,0.268779,0.153846,0,0
2021,0042100131,2022-04-16,PHI,TOR,1,0.774091,0.627451,1,1
2021,0042100151,2022-04-16,MEM,MIN,0,0.566205,0.627451,1,0
2021,0042100161,2022-04-16,GSW,DEN,1,0.714563,0.627451,1,1
2021,0042100171,2022-04-16,DAL,UTA,0,0.513058,0.627451,1,0
2021,0042100101,2022-04-17,MIA,ATL,1,0.783898,0.627451,1,1
2021,0042100111,2022-04-17,BOS,BKN,1,0.619389,0.627451,1,1
2021,0042100121,2022-04-17,MIL,CHI,1,0.609512,0.627451,1,1
2021,0042100141,2022-04-17,PHX,NOP,1,0.918866,0.8,1,1
2021,0042100132,2022-04-18,PHI,TOR,1,0.846459,0.642857,1,1
2021,0042100162,2022-04-18,GSW,DEN,1,0.752528,0.627451,1,1
2021,0042100172,2022-04-18,DAL,UTA,1,0.523275,0.627451,1,1
2021,0042100102,2022-04-19,MIA,ATL,1,0.889474,0.642857,1,1
2021,0042100142,2022-04-19,PHX,NOP,0,0.938332,0.8,1,0
2021,0042100152,2022-04-19,MEM,MIN,1,0.601002,0.627451,1,1
2021,0042100112,2022-04-20,BOS,BKN,1,0.70467,0.627451,1,1
2021,0042100122,2022-04-20,MIL,CHI,0,0.696022,0.627451,1,0
2021,0042100133,2022-04-20,TOR,PHI,0,0.556427,0.627451,1,0
2021,0042100153,2022-04-21,MIN,MEM,0,0.371134,0.627451,1,0
2021,0042100163,2022-04-21,DEN,GSW,0,0.613812,0.627451,1,0
2021,0042100173,2022-04-21,UTA,DAL,0,0.332006,0.627451,1,0
2021,0042100103,2022-04-22,ATL,MIA,1,0.427897,0.627451,1,1
2021,0042100123,2022-04-22,CHI,MIL,0,0.127682,0.214286,0,1
2021,0042100143,2022-04-22,NOP,PHX,0,0.06127,0.0,0,1
2021,0042100113,2022-04-23,BKN,BOS,0,0.385621,0.627451,1,0
2021,0042100134,2022-04-23,TOR,PHI,1,0.422907,0.627451,1,1
2021,0042100154,2022-04-23,MIN,MEM,1,0.354219,0.627451,1,1
2021,0042100174,2022-04-23,UTA,DAL,1,0.318387,0.583894,1,1
2021,0042100104,2022-04-24,ATL,MIA,0,0.370102,0.627451,1,0
2021,0042100124,2022-04-24,CHI,MIL,0,0.22584,0.214286,0,1
2021,0042100144,2022-04-24,NOP,PHX,1,0.070037,0.0,0,0
2021,0042100164,2022-04-24,DEN,GSW,1,0.429005,0.627451,1,1
2021,0042100114,2022-04-25,BKN,BOS,0,0.298918,0.345351,0,1
2021,0042100135,2022-04-25,PHI,TOR,0,0.696363,0.627451,1,0
2021,0042100175,2022-04-25,DAL,UTA,1,0.644893,0.627451,1,1
2021,0042100105,2022-04-26,MIA,ATL,1,0.886395,0.642857,1,1
2021,0042100145,2022-04-26,PHX,NOP,1,0.939071,0.8,1,1
2021,0042100155,2022-04-26,MEM,MIN,1,0.600899,0.627451,1,1
2021,0042100125,2022-04-27,MIL,CHI,1,0.833575,0.642857,1,1
2021,0042100165,2022-04-27,GSW,DEN,1,0.714665,0.627451,1,1
2021,0042100136,2022-04-28,TOR,PHI,0,0.565234,0.627451,1,0
2021,0042100146,2022-04-28,NOP,PHX,0,0.049841,0.0,0,1
2021,0042100176,2022-04-28,UTA,DAL,0,0.262908,0.214286,0,1
2021,0042100156,2022-04-29,MIN,MEM,0,0.270096,0.214286,0,1
2021,0042100211,2022-05-01,BOS,MIL,0,0.774859,0.627451,1,0
2021,0042100231,2022-05-01,MEM,GSW,0,0.389554,0.627451,1,0
2021,0042100201,2022-05-02,MIA,PHI,1,0.769893,0.627451,1,1
2021,0042100221,2022-05-02,PHX,DAL,1,0.643751,0.627451,1,1
2021,0042100212,2022-05-03,BOS,MIL,1,0.75059,0.627451,1,1
2021,0042100232,2022-05-03,MEM,GSW,1,0.461176,0.627451,1,1
2021,0042100202,2022-05-04,MIA,PHI,1,0.865449,0.642857,1,1
2021,0042100222,2022-05-04,PHX,DAL,1,0.715768,0.627451,1,1
2021,0042100203,2022-05-06,PHI,MIA,1,0.571774,0.627451,1,1
2021,0042100223,2022-05-06,DAL,PHX,1,0.455096,0.627451,1,1
2021,0042100213,2022-05-07,MIL,BOS,1,0.778398,0.627451,1,1
2021,0042100233,2022-05-07,GSW,MEM,1,0.475099,0.627451,1,1
2021,0042100204,2022-05-08,PHI,MIA,1,0.600041,0.627451,1,1
2021,0042100224,2022-05-08,DAL,PHX,1,0.470213,0.627451,1,1
2021,0042100214,2022-05-09,MIL,BOS,0,0.790455,0.627451,1,0
2021,0042100234,2022-05-09,GSW,MEM,1,0.470271,0.627451,1,1
2021,0042100205,2022-05-10,MIA,PHI,1,0.7681,0.627451,1,1
2021,0042100225,2022-05-10,PHX,DAL,1,0.802246,0.627451,1,1
2021,0042100215,2022-05-11,BOS,MIL,0,0.771482,0.627451,1,0
2021,0042100235,2022-05-11,MEM,GSW,1,0.322528,0.627451,1,1
2021,0042100206,2022-05-12,PHI,MIA,0,0.348812,0.627451,1,0
2021,0042100226,2022-05-12,DAL,PHX,1,0.330571,0.627451,1,1
2021,0042100216,2022-05-13,MIL,BOS,0,0.796854,0.627451,1,0
2021,0042100236,2022-05-13,GSW,MEM,1,0.496781,0.627451,1,1
2021,0042100217,2022-05-15,BOS,MIL,1,0.70834,0.627451,1,1
2021,0042100227,2022-05-15,PHX,DAL,0,0.699962,0.627451,1,0
2021,0042100301,2022-05-17,MIA,BOS,1,0.84663,0.642857,1,1
2021,0042100311,2022-05-18,GSW,DAL,1,0.728564,0.627451,1,1
2021,0042100302,2022-05-19,MIA,BOS,0,0.84877,0.642857,1,0
2021,0042100312,2022-05-20,GSW,DAL,1,0.743723,0.627451,1,1
2021,0042100303,2022-05-21,BOS,MIA,0,0.775127,0.627451,1,0
2021,0042100313,2022-05-22,DAL,GSW,0,0.243608,0.214286,0,1
2021,0042100304,2022-05-23,BOS,MIA,1,0.792399,0.627451,1,1
2021,0042100314,2022-05-24,DAL,GSW,1,0.150628,0.214286,0,0
2021,0042100305,2022-05-25,MIA,BOS,0,0.845705,0.642857,1,0
2021,0042100315,2022-05-26,GSW,DAL,1,0.704649,0.627451,1,1
2021,0042100306,2022-05-27,BOS,MIA,0,0.74356,0.627451,1,0
2021,0042100307,2022-05-29,MIA,BOS,0,0.800961,0.627451,1,0
2021,0042100401,2022-06-02,GSW,BOS,0,0.844307,0.642857,1,0
2021,0042100402,2022-06-05,GSW,BOS,1,0.775503,0.627451,1,1
2021,0042100403,2022-06-08,BOS,GSW,1,0.731789,0.627451,1,1
2021,0042100404,2022-06-10,BOS,GSW,0,0.676342,0.627451,1,0
2021,0042100405,2022-06-13,GSW,BOS,1,0.719118,0.627451,1,1
2021,0042100406,2022-06-16,BOS,GSW,0,0.501595,0.627451,1,0
2022,0042200111,2023-04-15,BOS,ATL,1,0.813587,0.666667,1,1
2022,0042200121,2023-04-15,PHI,BKN,1,0.577031,0.636364,1,1
2022,0042200131,2023-04-15,CLE,NYK,0,0.850073,0.666667,1,0
2022,0042200161,2023-04-15,SAC,GSW,1,0.581824,0.636364,1,1
2022,0042200101,2023-04-16,MIL,MIA,0,0.744887,0.636364,1,0
2022,0042200141,2023-04-16,DEN,MIN,1,0.74309,0.636364,1,1
2022,0042200151,2023-04-16,MEM,LAL,0,0.867199,0.666667,1,0
2022,0042200171,2023-04-16,PHX,LAC,0,0.671243,0.636364,1,0
2022,0042200122,2023-04-17,PHI,BKN,1,0.74814,0.636364,1,1
2022,0042200162,2023-04-17,SAC,GSW,1,0.64424,0.636364,1,1
2022,0042200112,2023-04-18,BOS,ATL,1,0.776558,0.662674,1,1
2022,0042200132,2023-04-18,CLE,NYK,1,0.856537,0.666667,1,1
2022,0042200172,2023-04-18,PHX,LAC,1,0.582467,0.636364,1,1
2022,0042200102,2023-04-19,MIL,MIA,1,0.853539,0.666667,1,1
2022,0042200142,2023-04-19,DEN,MIN,1,0.807534,0.666667,1,1
2022,0042200152,2023-04-19,MEM,LAL,1,0.925166,1.0,1,1
2022,0042200123,2023-04-20,BKN,PHI,0,0.295946,0.545455,1,0
2022,0042200163,2023-04-20,GSW,SAC,1,0.63146,0.636364,1,1
2022,0042200173,2023-04-20,LAC,PHX,0,0.481662,0.636364,1,0
2022,0042200113,2023-04-21,ATL,BOS,1,0.206476,0.25,0,0
2022,0042200133,2023-04-21,NYK,CLE,1,0.460339,0.636364,1,1
2022,0042200143,2023-04-21,MIN,DEN,0,0.398485,0.545455,1,0
2022,0042200103,2023-04-22,MIA,MIL,1,0.280861,0.545455,1,1
2022,0042200124,2023-04-22,BKN,PHI,0,0.275622,0.536297,1,0
2022,0042200153,2023-04-22,LAL,MEM,1,0.654236,0.636364,1,1
2022,0042200174,2023-04-22,LAC,PHX,0,0.624692,0.636364,1,0
2022,0042200114,2023-04-23,ATL,BOS,0,0.187657,0.25,0,1
2022,0042200134,2023-04-23,NYK,CLE,1,0.46207,0.636364,1,1
2022,0042200144,2023-04-23,MIN,DEN,1,0.453275,0.636364,1,1
2022,0042200164,2023-04-23,GSW,SAC,1,0.594433,0.636364,1,1
2022,0042200104,2023-04-24,MIA,MIL,1,0.302046,0.545455,1,1
2022,0042200154,2023-04-24,LAL,MEM,1,0.722913,0.636364,1,1
2022,0042200115,2023-04-25,BOS,ATL,0,0.859066,0.666667,1,0
2022,0042200145,2023-04-25,DEN,MIN,1,0.887863,0.75,1,1
2022,0042200175,2023-04-25,PHX,LAC,1,0.693323,0.636364,1,1
2022,0042200105,2023-04-26,MIL,MIA,0,0.875483,0.75,1,0
2022,0042200135,2023-04-26,CLE,NYK,0,0.819604,0.666667,1,0
2022,0042200155,2023-04-26,MEM,LAL,1,0.913269,0.930264,1,1
2022,0042200165,2023-04-26,SAC,GSW,0,0.576049,0.636364,1,0
2022,0042200116,2023-04-27,ATL,BOS,0,0.129983,0.25,0,1
2022,0042200156,2023-04-28,LAL,MEM,1,0.702423,0.636364,1,1
2022,0042200166,2023-04-28,GSW,SAC,0,0.592854,0.636364,1,0
2022,0042200221,2023-04-29,DEN,PHX,1,0.668751,0.636364,1,1
2022,0042200167,2023-04-30,SAC,GSW,0,0.4712,0.636364,1,0
2022,0042200201,2023-04-30,NYK,MIA,0,0.755172,0.636364,1,0
2022,0042200211,2023-05-01,BOS,PHI,0,0.644757,0.636364,1,0
2022,0042200222,2023-05-01,DEN,PHX,1,0.783684,0.666667,1,1
2022,0042200202,2023-05-02,NYK,MIA,1,0.801505,0.666667,1,1
2022,0042200231,2023-05-02,GSW,LAL,0,0.89313,0.75,1,0
2022,0042200212,2023-05-03,BOS,PHI,1,0.709197,0.636364,1,1
2022,0042200232,2023-05-04,GSW,LAL,1,0.903717,0.835761,1,1
2022,0042200213,2023-05-05,PHI,BOS,0,0.515603,0.636364,1,0
2022,0042200223,2023-05-05,PHX,DEN,1,0.688511,0.636364,1,1
2022,0042200203,2023-05-06,MIA,NYK,1,0.67548,0.636364,1,1
2022,0042200233,2023-05-06,LAL,GSW,1,0.694478,0.636364,1,1
2022,0042200214,2023-05-07,PHI,BOS,1,0.639972,0.636364,1,1
2022,0042200224,2023-05-07,PHX,DEN,1,0.743408,0.636364,1,1
2022,0042200204,2023-05-08,MIA,NYK,1,0.701767,0.636364,1,1
2022,0042200234,2023-05-08,LAL,GSW,1,0.563467,0.636364,1,1
2022,0042200215,2023-05-09,BOS,PHI,0,0.663159,0.636364,1,0
2022,0042200225,2023-05-09,DEN,PHX,1,0.746956,0.636364,1,1
2022,0042200205,2023-05-10,NYK,MIA,1,0.787883,0.666667,1,1
2022,0042200235,2023-05-10,GSW,LAL,1,0.80131,0.666667,1,1
2022,0042200216,2023-05-11,PHI,BOS,0,0.364026,0.545455,1,0
2022,0042200226,2023-05-11,PHX,DEN,0,0.682739,0.636364,1,0
2022,0042200206,2023-05-12,MIA,NYK,1,0.679976,0.636364,1,1
2022,0042200236,2023-05-12,LAL,GSW,1,0.494481,0.636364,1,1
2022,0042200217,2023-05-14,BOS,PHI,1,0.516984,0.636364,1,1
2022,0042200311,2023-05-16,DEN,LAL,1,0.823097,0.666667,1,1
2022,0042200301,2023-05-17,BOS,MIA,0,0.613414,0.636364,1,0
2022,0042200312,2023-05-18,DEN,LAL,1,0.840354,0.666667,1,1
2022,0042200302,2023-05-19,BOS,MIA,0,0.734646,0.636364,1,0
2022,0042200313,2023-05-20,LAL,DEN,0,0.638494,0.636364,1,0
2022,0042200303,2023-05-21,MIA,BOS,1,0.420401,0.545455,1,1
2022,0042200314,2023-05-22,LAL,DEN,0,0.57991,0.636364,1,0
2022,0042200304,2023-05-23,MIA,BOS,0,0.491759,0.636364,1,0
2022,0042200305,2023-05-25,BOS,MIA,1,0.692848,0.636364,1,1
2022,0042200306,2023-05-27,MIA,BOS,0,0.269962,0.5,1,0
2022,0042200307,2023-05-29,BOS,MIA,0,0.576061,0.636364,1,0
2022,0042200401,2023-06-01,DEN,MIA,1,0.724141,0.636364,1,1
2022,0042200402,2023-06-04,DEN,MIA,0,0.65553,0.636364,1,0
2022,0042200403,2023-06-07,MIA,DEN,0,0.550293,0.636364,1,0
2022,0042200404,2023-06-09,MIA,DEN,0,0.56776,0.636364,1,0
2022,0042200405,2023-06-12,DEN,MIA,1,0.698487,0.636364,1,1
2023,0042300111,2024-04-20,NYK,PHI,1,0.643865,0.625,1,1
2023,0042300131,2024-04-20,CLE,ORL,1,0.710545,0.625,1,1
2023,0042300151,2024-04-20,DEN,LAL,1,0.693961,0.625,1,1
2023,0042300161,2024-04-20,MIN,PHX,1,0.475999,0.475546,0,0
2023,0042300101,2024-04-21,BOS,MIA,1,0.554225,0.625,1,1
2023,0042300121,2024-04-21,MIL,IND,1,0.661866,0.625,1,1
2023,0042300141,2024-04-21,OKC,NOP,1,0.502471,0.557075,1,1
2023,0042300171,2024-04-21,LAC,DAL,1,0.451223,0.4,0,0
2023,0042300112,2024-04-22,NYK,PHI,1,0.739064,0.625,1,1
2023,0042300132,2024-04-22,CLE,ORL,1,0.781177,0.72,1,1
2023,0042300152,2024-04-22,DEN,LAL,1,0.731954,0.625,1,1
2023,0042300122,2024-04-23,MIL,IND,0,0.823771,0.72,1,0
2023,0042300162,2024-04-23,MIN,PHX,1,0.67804,0.625,1,1
2023,0042300172,2024-04-23,LAC,DAL,0,0.505518,0.566458,1,0
2023,0042300102,2024-04-24,BOS,MIA,0,0.642584,0.625,1,0
2023,0042300142,2024-04-24,OKC,NOP,1,0.598442,0.625,1,1
2023,0042300113,2024-04-25,PHI,NYK,1,0.448017,0.4,0,0
2023,0042300133,2024-04-25,ORL,CLE,1,0.760877,0.72,1,1
2023,0042300153,2024-04-25,LAL,DEN,0,0.355691,0.4,0,1
2023,0042300123,2024-04-26,IND,MIL,1,0.436537,0.4,0,0
2023,0042300163,2024-04-26,PHX,MIN,0,0.755542,0.72,1,0
2023,0042300173,2024-04-26,DAL,LAC,1,0.63169,0.625,1,1
2023,0042300103,2024-04-27,MIA,BOS,0,0.234219,0.375,0,1
2023,0042300134,2024-04-27,ORL,CLE,1,0.750858,0.72,1,1
2023,0042300143,2024-04-27,NOP,OKC,0,0.409682,0.4,0,1
2023,0042300154,2024-04-27,LAL,DEN,1,0.343794,0.4,0,0
2023,0042300114,2024-04-28,PHI,NYK,0,0.417092,0.4,0,1
2023,0042300124,2024-04-28,IND,MIL,1,0.344914,0.4,0,0
2023,0042300164,2024-04-28,PHX,MIN,0,0.721974,0.625,1,0
2023,0042300174,2024-04-28,DAL,LAC,0,0.563463,0.625,1,0
2023,0042300104,2024-04-29,MIA,BOS,0,0.295893,0.375,0,1
2023,0042300144,2024-04-29,NOP,OKC,0,0.37975,0.4,0,1
2023,0042300155,2024-04-29,DEN,LAL,1,0.785619,0.72,1,1
2023,0042300115,2024-04-30,NYK,PHI,0,0.783928,0.72,1,0
2023,0042300125,2024-04-30,MIL,IND,1,0.640563,0.625,1,1
2023,0042300135,2024-04-30,CLE,ORL,1,0.681459,0.625,1,1
2023,0042300105,2024-05-01,BOS,MIA,1,0.648424,0.625,1,1
2023,0042300175,2024-05-01,LAC,DAL,0,0.416832,0.4,0,1
2023,0042300116,2024-05-02,PHI,NYK,0,0.266164,0.375,0,1
2023,0042300126,2024-05-02,IND,MIL,1,0.262202,0.375,0,0
2023,0042300136,2024-05-03,ORL,CLE,1,0.553111,0.625,1,1
2023,0042300176,2024-05-03,DAL,LAC,1,0.464563,0.440328,0,0
2023,0042300231,2024-05-04,DEN,MIN,0,0.592334,0.625,1,0
2023,0042300137,2024-05-05,CLE,ORL,1,0.530296,0.571429,1,1
2023,0042300211,2024-05-06,NYK,IND,1,0.688959,0.625,1,1
2023,0042300232,2024-05-06,DEN,MIN,0,0.735229,0.625,1,0
2023,0042300201,2024-05-07,BOS,CLE,1,0.406592,0.4,0,0
2023,0042300221,2024-05-07,OKC,DAL,1,0.811803,0.72,1,1
2023,0042300212,2024-05-08,NYK,IND,1,0.787777,0.72,1,1
2023,0042300202,2024-05-09,BOS,CLE,0,0.461811,0.431852,0,1
2023,0042300222,2024-05-09,OKC,DAL,0,0.916797,0.897865,1,0
2023,0042300213,2024-05-10,IND,NYK,1,0.496364,0.538267,1,1
2023,0042300233,2024-05-10,MIN,DEN,0,0.519194,0.571429,1,0
2023,0042300203,2024-05-11,CLE,BOS,0,0.201188,0.375,0,1
2023,0042300223,2024-05-11,DAL,OKC,1,0.468477,0.452381,0,0
2023,0042300214,2024-05-12,IND,NYK,1,0.413932,0.4,0,0
2023,0042300234,2024-05-12,MIN,DEN,0,0.672088,0.625,1,0
2023,0042300204,2024-05-13,CLE,BOS,0,0.229761,0.375,0,1
2023,0042300224,2024-05-13,DAL,OKC,0,0.453594,0.406547,0,1
2023,0042300215,2024-05-14,NYK,IND,1,0.712403,0.625,1,1
2023,0042300235,2024-05-14,DEN,MIN,1,0.568008,0.625,1,1
2023,0042300205,2024-05-15,BOS,CLE,1,0.481394,0.492162,0,0
2023,0042300225,2024-05-15,OKC,DAL,0,0.783678,0.72,1,0
2023,0042300236,2024-05-16,MIN,DEN,1,0.534036,0.571429,1,1
2023,0042300216,2024-05-17,IND,NYK,1,0.283939,0.375,0,0
2023,0042300226,2024-05-18,DAL,OKC,1,0.407078,0.4,0,0
2023,0042300217,2024-05-19,NYK,IND,0,0.606048,0.625,1,0
2023,0042300237,2024-05-19,DEN,MIN,0,0.503064,0.558899,1,0
2023,0042300301,2024-05-21,BOS,IND,1,0.546363,0.571429,1,1
2023,0042300311,2024-05-22,MIN,DAL,0,0.549448,0.625,1,0
2023,0042300302,2024-05-23,BOS,IND,1,0.546661,0.571429,1,1
2023,0042300312,2024-05-24,MIN,DAL,0,0.721926,0.625,1,0
2023,0042300303,2024-05-25,IND,BOS,0,0.335351,0.385636,0,1
2023,0042300313,2024-05-26,DAL,MIN,1,0.659512,0.625,1,1
2023,0042300304,2024-05-27,IND,BOS,0,0.213281,0.375,0,1
2023,0042300314,2024-05-28,DAL,MIN,0,0.661314,0.625,1,0
2023,0042300315,2024-05-30,MIN,DAL,0,0.548656,0.613107,1,0
2023,0042300401,2024-06-06,BOS,DAL,1,0.697521,0.625,1,1
2023,0042300402,2024-06-09,BOS,DAL,1,0.705592,0.625,1,1
2023,0042300403,2024-06-12,DAL,BOS,0,0.34248,0.4,0,1
2023,0042300404,2024-06-14,DAL,BOS,1,0.224062,0.375,0,0
2023,0042300405,2024-06-17,BOS,DAL,1,0.625634,0.625,1,1
2024,0042400121,2025-04-19,NYK,DET,1,0.736075,0.705882,1,1
2024,0042400131,2025-04-19,IND,MIL,1,0.577893,0.571429,1,1
2024,0042400161,2025-04-19,LAL,MIN,0,0.679255,0.666667,1,0
2024,0042400171,2025-04-19,DEN,LAC,1,0.60998,0.666667,1,1
2024,0042400101,2025-04-20,CLE,MIA,1,0.646528,0.666667,1,1
2024,0042400111,2025-04-20,BOS,ORL,1,0.787516,0.705882,1,1
2024,0042400141,2025-04-20,OKC,MEM,1,0.705001,0.705882,1,1
2024,0042400151,2025-04-20,HOU,GSW,0,0.806373,0.705882,1,0
2024,0042400122,2025-04-21,NYK,DET,0,0.71578,0.705882,1,0
2024,0042400172,2025-04-21,DEN,LAC,0,0.65075,0.666667,1,0
2024,0042400132,2025-04-22,IND,MIL,1,0.713604,0.705882,1,1
2024,0042400142,2025-04-22,OKC,MEM,1,0.783093,0.705882,1,1
2024,0042400162,2025-04-22,LAL,MIN,1,0.691489,0.689082,1,1
2024,0042400102,2025-04-23,CLE,MIA,1,0.75093,0.705882,1,1
2024,0042400112,2025-04-23,BOS,ORL,1,0.770625,0.705882,1,1
2024,0042400152,2025-04-23,HOU,GSW,1,0.840984,0.705882,1,1
2024,0042400123,2025-04-24,DET,NYK,0,0.457625,0.571429,1,0
2024,0042400143,2025-04-24,MEM,OKC,0,0.12517,0.0,0,1
2024,0042400173,2025-04-24,LAC,DEN,1,0.847436,0.705882,1,1
2024,0042400113,2025-04-25,ORL,BOS,1,0.381509,0.5625,1,1
2024,0042400133,2025-04-25,MIL,IND,1,0.773043,0.705882,1,1
2024,0042400163,2025-04-25,MIN,LAL,1,0.607716,0.666667,1,1
2024,0042400103,2025-04-26,MIA,CLE,0,0.373467,0.5625,1,0
2024,0042400144,2025-04-26,MEM,OKC,0,0.126464,0.0,0,1
2024,0042400153,2025-04-26,GSW,HOU,1,0.819769,0.705882,1,1
2024,0042400174,2025-04-26,LAC,DEN,0,0.815466,0.705882,1,0
2024,0042400114,2025-04-27,ORL,BOS,0,0.393246,0.5625,1,0
2024,0042400124,2025-04-27,DET,NYK,0,0.51818,0.571429,1,0
2024,0042400134,2025-04-27,MIL,IND,0,0.658984,0.666667,1,0
2024,0042400164,2025-04-27,MIN,LAL,1,0.470017,0.571429,1,1
2024,0042400104,2025-04-28,MIA,CLE,0,0.400631,0.5625,1,0
2024,0042400154,2025-04-28,GSW,HOU,1,0.837617,0.705882,1,1
2024,0042400115,2025-04-29,BOS,ORL,1,0.743109,0.705882,1,1
2024,0042400125,2025-04-29,NYK,DET,0,0.740512,0.705882,1,0
2024,0042400135,2025-04-29,IND,MIL,1,0.673856,0.666667,1,1
2024,0042400175,2025-04-29,DEN,LAC,1,0.497068,0.571429,1,1
2024,0042400155,2025-04-30,HOU,GSW,1,0.812059,0.705882,1,1
2024,0042400165,2025-04-30,LAL,MIN,0,0.588085,0.6187,1,0
2024,0042400126,2025-05-01,DET,NYK,0,0.375605,0.5625,1,0
2024,0042400176,2025-05-01,LAC,DEN,1,0.761541,0.705882,1,1
2024,0042400156,2025-05-02,GSW,HOU,0,0.760362,0.705882,1,0
2024,0042400177,2025-05-03,DEN,LAC,1,0.358485,0.5625,1,1
2024,0042400157,2025-05-04,HOU,GSW,0,0.767114,0.705882,1,0
2024,0042400201,2025-05-04,CLE,IND,0,0.827215,0.705882,1,0
2024,0042400211,2025-05-05,BOS,NYK,0,0.82502,0.705882,1,0
2024,0042400221,2025-05-05,OKC,DEN,0,0.42281,0.5625,1,0
2024,0042400202,2025-05-06,CLE,IND,0,0.926791,0.705882,1,0
2024,0042400231,2025-05-06,MIN,GSW,0,0.652778,0.666667,1,0
2024,0042400212,2025-05-07,BOS,NYK,0,0.874533,0.705882,1,0
2024,0042400222,2025-05-07,OKC,DEN,1,0.682072,0.666925,1,1
2024,0042400232,2025-05-08,MIN,GSW,1,0.796006,0.705882,1,1
2024,0042400203,2025-05-09,IND,CLE,0,0.427339,0.5625,1,0
2024,0042400223,2025-05-09,DEN,OKC,1,0.200382,0.156733,0,0
2024,0042400213,2025-05-10,NYK,BOS,0,0.133384,0.0,0,1
2024,0042400233,2025-05-10,GSW,MIN,0,0.719587,0.705882,1,0
2024,0042400204,2025-05-11,IND,CLE,1,0.60431,0.666667,1,1
2024,0042400224,2025-05-11,DEN,OKC,0,0.292535,0.285714,0,1
2024,0042400214,2025-05-12,NYK,BOS,1,0.157858,0.0,0,0
2024,0042400234,2025-05-12,GSW,MIN,0,0.687545,0.679803,1,0
2024,0042400205,2025-05-13,CLE,IND,0,0.831045,0.705882,1,0
2024,0042400225,2025-05-13,OKC,DEN,1,0.541267,0.571429,1,1
2024,0042400215,2025-05-14,BOS,NYK,1,0.720806,0.705882,1,1
2024,0042400235,2025-05-14,MIN,GSW,1,0.7509,0.705882,1,1
2024,0042400226,2025-05-15,DEN,OKC,1,0.194769,0.112058,0,0
2024,0042400216,2025-05-16,NYK,BOS,1,0.117963,0.0,0,0
2024,0042400227,2025-05-18,OKC,DEN,1,0.416712,0.5625,1,1
2024,0042400311,2025-05-20,OKC,MIN,1,0.441272,0.563217,1,1
2024,0042400301,2025-05-21,NYK,IND,0,0.659212,0.666667,1,0
2024,0042400312,2025-05-22,OKC,MIN,1,0.641611,0.666667,1,1
2024,0042400302,2025-05-23,NYK,IND,0,0.774865,0.705882,1,0
2024,0042400313,2025-05-24,MIN,OKC,1,0.257189,0.285714,0,0
2024,0042400303,2025-05-25,IND,NYK,0,0.547311,0.571429,1,0
2024,0042400314,2025-05-26,MIN,OKC,0,0.273221,0.285714,0,1
2024,0042400304,2025-05-27,IND,NYK,1,0.569126,0.571429,1,1
2024,0042400315,2025-05-28,OKC,MIN,1,0.769058,0.705882,1,1
2024,0042400305,2025-05-29,NYK,IND,1,0.737377,0.705882,1,1
2024,0042400306,2025-05-31,IND,NYK,1,0.498087,0.571429,1,1
2024,0042400401,2025-06-05,OKC,IND,0,0.599425,0.666667,1,0
2024,0042400402,2025-06-08,OKC,IND,1,0.729401,0.705882,1,1
2024,0042400403,2025-06-11,IND,OKC,1,0.12738,0.0,0,0
2024,0042400404,2025-06-13,IND,OKC,0,0.151668,0.0,0,1
2024,0042400405,2025-06-16,OKC,IND,1,0.704644,0.705882,1,1
2024,0042400406,2025-06-19,IND,OKC,1,0.099881,0.0,0,0
2024,0042400407,2025-06-22,OKC,IND,1,0.566677,0.571429,1,1
2025,0042500121,2026-04-18,NYK,ATL,1,0.784215,0.603774,1,1
2025,0042500131,2026-04-18,CLE,TOR,1,0.77031,0.603774,1,1
2025,0042500161,2026-04-18,DEN,MIN,1,0.55788,0.603774,1,1
2025,0042500171,2026-04-18,LAL,HOU,1,0.644508,0.603774,1,1
2025,0042500101,2026-04-19,DET,ORL,0,0.683129,0.603774,1,0
2025,0042500111,2026-04-19,BOS,PHI,1,0.552376,0.603774,1,1
2025,0042500141,2026-04-19,OKC,PHX,1,0.857287,0.666667,1,1
2025,0042500151,2026-04-19,SAS,POR,1,0.781965,0.603774,1,1
2025,0042500122,2026-04-20,NYK,ATL,0,0.706503,0.603774,1,0
2025,0042500132,2026-04-20,CLE,TOR,1,0.72231,0.603774,1,1
2025,0042500162,2026-04-20,DEN,MIN,0,0.660747,0.603774,1,0
2025,0042500112,2026-04-21,BOS,PHI,0,0.583495,0.603774,1,0
2025,0042500152,2026-04-21,SAS,POR,0,0.818962,0.603774,1,0
2025,0042500172,2026-04-21,LAL,HOU,1,0.697516,0.603774,1,1
2025,0042500102,2026-04-22,DET,ORL,1,0.824822,0.603774,1,1
2025,0042500142,2026-04-22,OKC,PHX,1,0.877434,0.666667,1,1
2025,0042500123,2026-04-23,ATL,NYK,1,0.465649,0.454545,0,0
2025,0042500133,2026-04-23,TOR,CLE,1,0.288407,0.454545,0,0
2025,0042500163,2026-04-23,MIN,DEN,1,0.253002,0.454545,0,0
2025,0042500113,2026-04-24,PHI,BOS,0,0.229749,0.454545,0,1
2025,0042500153,2026-04-24,POR,SAS,0,0.294396,0.454545,0,1
2025,0042500173,2026-04-24,HOU,LAL,0,0.566214,0.603774,1,0
2025,0042500103,2026-04-25,ORL,DET,1,0.308278,0.454545,0,0
2025,0042500124,2026-04-25,ATL,NYK,0,0.339577,0.454545,0,1
2025,0042500143,2026-04-25,PHX,OKC,0,0.266305,0.454545,0,1
2025,0042500164,2026-04-25,MIN,DEN,1,0.207852,0.454545,0,0
2025,0042500114,2026-04-26,PHI,BOS,0,0.194218,0.454545,0,1
2025,0042500134,2026-04-26,TOR,CLE,1,0.314458,0.454545,0,0
2025,0042500154,2026-04-26,POR,SAS,0,0.282349,0.454545,0,1
2025,0042500174,2026-04-26,HOU,LAL,1,0.456446,0.454545,0,0
2025,0042500104,2026-04-27,ORL,DET,1,0.207894,0.454545,0,0
2025,0042500144,2026-04-27,PHX,OKC,0,0.260148,0.454545,0,1
2025,0042500165,2026-04-27,DEN,MIN,1,0.62206,0.603774,1,1
2025,0042500115,2026-04-28,BOS,PHI,0,0.674908,0.603774,1,0
2025,0042500125,2026-04-28,NYK,ATL,1,0.640736,0.603774,1,1
2025,0042500155,2026-04-28,SAS,POR,1,0.857439,0.666667,1,1
2025,0042500105,2026-04-29,DET,ORL,1,0.757527,0.603774,1,1
2025,0042500135,2026-04-29,CLE,TOR,1,0.813497,0.603774,1,1
2025,0042500175,2026-04-29,LAL,HOU,0,0.755419,0.603774,1,0
2025,0042500116,2026-04-30,PHI,BOS,1,0.1525,0.454545,0,0
2025,0042500126,2026-04-30,ATL,NYK,0,0.448987,0.454545,0,1
2025,0042500166,2026-04-30,MIN,DEN,1,0.218861,0.454545,0,0
2025,0042500106,2026-05-01,ORL,DET,0,0.177585,0.454545,0,1
2025,0042500136,2026-05-01,TOR,CLE,1,0.286956,0.454545,0,0
2025,0042500176,2026-05-01,HOU,LAL,0,0.325893,0.454545,0,1
2025,0042500117,2026-05-02,BOS,PHI,0,0.773202,0.603774,1,0
2025,0042500107,2026-05-03,DET,ORL,1,0.690157,0.603774,1,1
2025,0042500137,2026-05-03,CLE,TOR,1,0.709493,0.603774,1,1
2025,0042500211,2026-05-04,NYK,PHI,1,0.522942,0.603774,1,1
2025,0042500231,2026-05-04,SAS,MIN,0,0.792091,0.603774,1,0
2025,0042500201,2026-05-05,DET,CLE,1,0.536914,0.603774,1,1
2025,0042500221,2026-05-05,OKC,LAL,1,0.678351,0.603774,1,1
2025,0042500212,2026-05-06,NYK,PHI,1,0.595883,0.603774,1,1
2025,0042500232,2026-05-06,SAS,MIN,1,0.769477,0.603774,1,1
2025,0042500202,2026-05-07,DET,CLE,1,0.591945,0.603774,1,1
2025,0042500222,2026-05-07,OKC,LAL,1,0.724099,0.603774,1,1
2025,0042500213,2026-05-08,PHI,NYK,0,0.370474,0.454545,0,1
2025,0042500233,2026-05-08,MIN,SAS,0,0.377606,0.454545,0,1
2025,0042500203,2026-05-09,CLE,DET,1,0.612577,0.603774,1,1
2025,0042500223,2026-05-09,LAL,OKC,0,0.440488,0.454545,0,1
2025,0042500214,2026-05-10,PHI,NYK,0,0.303903,0.454545,0,1
2025,0042500234,2026-05-10,MIN,SAS,1,0.423387,0.454545,0,0
2025,0042500204,2026-05-11,CLE,DET,1,0.590352,0.603774,1,1
2025,0042500224,2026-05-11,LAL,OKC,0,0.442733,0.454545,0,1
2025,0042500235,2026-05-12,SAS,MIN,1,0.79834,0.603774,1,1
2025,0042500205,2026-05-13,DET,CLE,0,0.551376,0.603774,1,0
